file,source,licence
feedback/incorrect_tone.wav,made for this app (a soft marimba note),original
feedback/yum.wav,https://pixabay.com/sound-effects/people-mmm-male-voice-sfx-mrstokes302-424185/,Pixabay Content License
packs/animal-babies/calf.jpg,https://pixabay.com/photos/calf-baby-cow-cow-baby-cattle-5048794/,Pixabay Content License
packs/animal-babies/camel_calf.jpg,https://pixabay.com/photos/camel-calf-young-animal-animal-6351547/,Pixabay Content License
packs/animal-babies/chick.jpg,https://pixabay.com/photos/chick-yellow-cute-fluffy-plumage-980803/,Pixabay Content License
packs/animal-babies/cub.jpg,https://pixabay.com/photos/lion-cub-animal-nature-mammal-1451768/,Pixabay Content License
packs/animal-babies/duckling.jpg,https://pixabay.com/photos/duckling-duck-bird-chick-feathers-8062337/,Pixabay Content License
packs/animal-babies/foal.jpg,https://pixabay.com/photos/foal-horse-pony-small-baby-animal-5238587/,Pixabay Content License
packs/animal-babies/kid.jpg,https://pixabay.com/photos/goat-baby-kid-animal-farm-tiny-5223378/,Pixabay Content License
packs/animal-babies/kitten.jpg,https://pixabay.com/photos/cat-kitten-young-domestic-animal-8048688/,Pixabay Content License
packs/animal-babies/lamb.jpg,https://pixabay.com/photos/lamb-sheep-animals-mammals-5733685/,Pixabay Content License
packs/animal-babies/puppy.jpg,https://pixabay.com/photos/puppy-bulldog-dog-sweet-pet-1118584/,Pixabay Content License
packs/animals/bat_sound.wav,https://pixabay.com/sound-effects/film-special-effects-double-squeak-2-103875/,Pixabay Content License
packs/animals/bear_sound.mp3,https://pixabay.com/sound-effects/nature-bear-growl-191995/,Pixabay Content License
packs/animals/bee_sound.wav,https://pixabay.com/sound-effects/nature-bee-buzzing-6254/,Pixabay Content License
packs/animals/bird_sound.wav,https://pixabay.com/sound-effects/nature-bird-chirp-485390/,Pixabay Content License
packs/animals/camel_sound.wav,https://pixabay.com/sound-effects/nature-camel-male-sound-effect-370202/,Pixabay Content License
packs/animals/cat_sound.mp3,https://pixabay.com/sound-effects/nature-cat-meow-401729/,Pixabay Content License
packs/animals/chick_sound.wav,https://pixabay.com/sound-effects/nature-baby-chicks-chirping-192422/,Pixabay Content License
packs/animals/cow_sound.wav,https://pixabay.com/sound-effects/nature-cow-mooing-343423/,Pixabay Content License
packs/animals/cricket_sound.wav,https://pixabay.com/sound-effects/nature-cricket-chirping-383941/,Pixabay Content License
packs/animals/crocodile_sound.wav,https://pixabay.com/sound-effects/nature-crocodile-hissing-372480/,Pixabay Content License
packs/animals/deer_sound.wav,https://pixabay.com/sound-effects/horror-deer-grunt-472371/,Pixabay Content License
packs/animals/dog_sound.mp3,https://pixabay.com/sound-effects/nature-free-dog-bark-419014/,Pixabay Content License
packs/animals/dolphin_sound.wav,https://pixabay.com/sound-effects/nature-dolphin-noise-6968/,Pixabay Content License
packs/animals/donkey_sound.wav,https://pixabay.com/sound-effects/nature-donkey-441136/,Pixabay Content License
packs/animals/duck_sound.mp3,https://pixabay.com/sound-effects/nature-quack-4-352832/,Pixabay Content License
packs/animals/eagle_sound.wav,https://pixabay.com/sound-effects/nature-eagle-281163/,Pixabay Content License
packs/animals/elephant_sound.wav,https://pixabay.com/sound-effects/nature-elephant-trumpeting-494313/,Pixabay Content License
packs/animals/fox_sound.wav,https://pixabay.com/sound-effects/nature-rubah-220043/,Pixabay Content License
packs/animals/frog_sound.mp3,https://pixabay.com/sound-effects/nature-frogs-croaking-46947/,Pixabay Content License
packs/animals/goat_sound.wav,https://pixabay.com/sound-effects/nature-goat-sound-390298/,Pixabay Content License
packs/animals/goose_sound.wav,https://pixabay.com/sound-effects/film-special-effects-goose-honking-532228/,Pixabay Content License
packs/animals/gorilla_sound.wav,https://pixabay.com/sound-effects/film-special-effects-gorilla-roar-523007/,Pixabay Content License
packs/animals/hen_sound.wav,https://pixabay.com/sound-effects/nature-chicken-sounds-487676/,Pixabay Content License
packs/animals/hippo_sound.wav,https://pixabay.com/sound-effects/nature-hungry-hippos-scream-226113/,Pixabay Content License
packs/animals/horse_sound.wav,https://pixabay.com/sound-effects/nature-horse-neigh-390297/,Pixabay Content License
packs/animals/leopard_sound.wav,https://pixabay.com/sound-effects/nature-leopard-attack-193175/,Pixabay Content License
packs/animals/lion_sound.wav,https://pixabay.com/sound-effects/nature-powerful-lion-roar-sound-effect-high-quality-sfx-444190/,Pixabay Content License
packs/animals/monkey_sound.mp3,https://pixabay.com/sound-effects/nature-monkey-128368/,Pixabay Content License
packs/animals/mosquito_sound.wav,https://pixabay.com/sound-effects/nature-flying-mosquito-105770/,Pixabay Content License
packs/animals/mouse_sound.wav,https://pixabay.com/sound-effects/nature-mouse-36220/,Pixabay Content License
packs/animals/owl_sound.wav,https://pixabay.com/sound-effects/nature-owl-hooting-223549/,Pixabay Content License
packs/animals/parrot_sound.wav,https://pixabay.com/sound-effects/nature-parrot-80775/,Pixabay Content License
packs/animals/peacock_sound.wav,https://pixabay.com/sound-effects/nature-peacock-call-sound-effect-238053/,Pixabay Content License
packs/animals/penguin_sound.wav,https://pixabay.com/sound-effects/nature-pinguin-220042/,Pixabay Content License
packs/animals/pigeon_sound.wav,https://pixabay.com/sound-effects/nature-pigeon-ambience-404244/,Pixabay Content License
packs/animals/rooster_sound.wav,https://pixabay.com/sound-effects/nature-rooster-crowing-364473/,Pixabay Content License
packs/animals/seal_sound.wav,https://pixabay.com/sound-effects/nature-sea-lions-in-santa-cruz-23281/,Pixabay Content License
packs/animals/sheep_sound.mp3,https://pixabay.com/sound-effects/nature-sheep-baaing-554226/,Pixabay Content License
packs/animals/snake_sound.wav,https://pixabay.com/sound-effects/film-special-effects-snake-hiss-95241/,Pixabay Content License
packs/animals/tiger_sound.mp3,https://pixabay.com/sound-effects/nature-tiger-roar-loudly-193229/,Pixabay Content License
packs/animals/turkey_sound.wav,https://pixabay.com/sound-effects/nature-turkey-gobble-and-squawk-411753/,Pixabay Content License
packs/animals/whale_sound.wav,https://pixabay.com/sound-effects/nature-haunting-whale-song-515260/,Pixabay Content License
packs/animals/wolf_sound.wav,https://pixabay.com/sound-effects/horror-spooky-wolf-howl-410547/,Pixabay Content License
packs/animals/zebra_sound.wav,https://pixabay.com/sound-effects/film-special-effects-zebra-whinnying-555100/,Pixabay Content License
packs/feelings/angry_sound.wav,https://pixabay.com/sound-effects/people-angry-female-144242/,Pixabay Content License
packs/feelings/happy_sound.wav,https://pixabay.com/sound-effects/people-child-laughing-90664/,Pixabay Content License
packs/feelings/sad_sound.wav,https://pixabay.com/sound-effects/people-sigh-432548/,Pixabay Content License
packs/feelings/scared_sound.wav,https://pixabay.com/sound-effects/people-gasp-82819/,Pixabay Content License
packs/feelings/sleepy_sound.wav,https://pixabay.com/sound-effects/people-male-yawn-376884/,Pixabay Content License
packs/feelings/surprised_sound.wav,https://pixabay.com/sound-effects/film-special-effects-wow-423653/,Pixabay Content License
packs/home/alarm_clock_sound.wav,https://pixabay.com/sound-effects/technology-alarm-clock-90867/,Pixabay Content License
packs/home/camera_sound.wav,https://pixabay.com/sound-effects/film-special-effects-camera-shutter-199580/,Pixabay Content License
packs/home/clock_sound.wav,https://pixabay.com/sound-effects/film-special-effects-slow-cinematic-clock-ticking-357979/,Pixabay Content License
packs/home/door_sound.wav,https://pixabay.com/sound-effects/household-door-knock-505136/,Pixabay Content License
packs/home/doorbell_sound.wav,https://pixabay.com/sound-effects/household-doorbell-ding-dong-482879/,Pixabay Content License
packs/home/frying_pan_sound.wav,https://pixabay.com/sound-effects/household-sizzling-frying-pan-201293/,Pixabay Content License
packs/home/hammer_sound.wav,https://pixabay.com/sound-effects/film-special-effects-hammer-smash-effect-382731/,Pixabay Content License
packs/home/kettle_sound.wav,https://pixabay.com/sound-effects/household-boiling-water-sound-62556/,Pixabay Content License
packs/home/keys_sound.wav,https://pixabay.com/sound-effects/film-special-effects-keys-jingle-light-98231/,Pixabay Content License
packs/home/phone_sound.wav,https://pixabay.com/sound-effects/technology-cellphone-ringing-6475/,Pixabay Content License
packs/home/scissors_sound.wav,https://pixabay.com/sound-effects/film-special-effects-scissors-89742/,Pixabay Content License
packs/home/shower_sound.wav,https://pixabay.com/sound-effects/household-water-in-the-shower-397390/,Pixabay Content License
packs/home/tap_sound.wav,https://pixabay.com/sound-effects/film-special-effects-tap-water-82178/,Pixabay Content License
packs/home/toothbrush_sound.wav,https://pixabay.com/sound-effects/film-special-effects-brushing-teeth-94711/,Pixabay Content License
packs/home/vacuum_sound.wav,https://pixabay.com/sound-effects/household-household-vacuum-4-590455/,Pixabay Content License
packs/instruments/accordion_sound.wav,https://pixabay.com/sound-effects/musical-accordion-crescendo-8-98086/,Pixabay Content License
packs/instruments/bell_sound.wav,https://pixabay.com/sound-effects/film-special-effects-bell-ring-390294/,Pixabay Content License
packs/instruments/darbuka_sound.wav,https://pixabay.com/sound-effects/musical-darbuka-drum-roll-2-211680/,Pixabay Content License
packs/instruments/drum_sound.wav,https://pixabay.com/sound-effects/kick-drum-acoustic-sample-455285/,Pixabay Content License
packs/instruments/guitar_sound.wav,https://pixabay.com/sound-effects/musical-guitar-f-strum-508252/,Pixabay Content License
packs/instruments/nay_sound.wav,https://pixabay.com/sound-effects/film-special-effects-epic-flute-reveal-logo-201062/,Pixabay Content License
packs/instruments/oud_sound.wav,https://pixabay.com/sound-effects/musical-g2-89126/,Pixabay Content License
packs/instruments/piano_sound.wav,https://pixabay.com/sound-effects/musical-cinematic-piano-hit-567216/,Pixabay Content License
packs/instruments/saxophone_sound.wav,https://pixabay.com/sound-effects/musical-saxophone-410197/,Pixabay Content License
packs/instruments/trumpet_sound.wav,https://pixabay.com/sound-effects/film-special-effects-sad-trumpet-278822/,Pixabay Content License
packs/instruments/violin_sound.wav,https://pixabay.com/sound-effects/musical-warm-inspirational-cinematic-violin-cue-537499/,Pixabay Content License
packs/vehicles/airplane_sound.wav,https://pixabay.com/sound-effects/city-airplane-95615/,Pixabay Content License
packs/vehicles/ambulance_sound.wav,https://pixabay.com/sound-effects/film-special-effects-ambulance-siren-in-a-big-city-543408/,Pixabay Content License
packs/vehicles/bicycle_sound.wav,https://pixabay.com/sound-effects/film-special-effects-bicycle-bell-105044/,Pixabay Content License
packs/vehicles/bus_sound.wav,https://pixabay.com/sound-effects/city-bus-engine-47297/,Pixabay Content License
packs/vehicles/car_sound.wav,https://pixabay.com/sound-effects/city-car-horn-6408/,Pixabay Content License
packs/vehicles/fire_truck_sound.wav,https://pixabay.com/sound-effects/film-special-effects-fire-truck-siren-307510/,Pixabay Content License
packs/vehicles/helicopter_sound.wav,https://pixabay.com/sound-effects/film-special-effects-helicopter-sound-1-372462/,Pixabay Content License
packs/vehicles/motorcycle_sound.wav,https://pixabay.com/sound-effects/film-special-effects-fast-motorcycle-pass-by-559409/,Pixabay Content License
packs/vehicles/police_car_sound.wav,https://pixabay.com/sound-effects/city-police-siren-397963/,Pixabay Content License
packs/vehicles/rocket_sound.wav,https://pixabay.com/sound-effects/film-special-effects-rocket-launch-306441/,Pixabay Content License
packs/vehicles/ship_sound.wav,https://pixabay.com/sound-effects/film-special-effects-cargo-ship-horn-352063/,Pixabay Content License
packs/vehicles/tractor_sound.wav,https://pixabay.com/sound-effects/city-hyundai-hd1000-tractor-truck-engine-sound-42636/,Pixabay Content License
packs/vehicles/train_sound.wav,https://pixabay.com/sound-effects/film-special-effects-train-whistle-306031/,Pixabay Content License
packs/vehicles/truck_sound.wav,https://pixabay.com/sound-effects/city-truck-horn-153263/,Pixabay Content License
